,first,last,phone,email
0,Aaron,Martinez,283.652.2505x6088,aaron.martinez@morton.biz
1,Aaron,Torres,779-210-2836x21287,a.torres@lee-ross.biz
2,Abigail,Johnson,799.940.6761x0733,ajohnson5929@king.org
3,Abigail,Tran,+1-986-736-5384x4132,a.tran.2312@salinas-jimenez.com
4,Adam,Rodriguez,+1-960-204-8628,rodriguez.a.6050@parker-mendoza.info
5,Adam,Sanders,+1-654-839-1706x863,sanders_adam_4821@hurst.com
6,Adam,Shaffer,+1-347-271-7619x8278,shafferadam@smith.com
7,Alan,Mendoza,450-907-2148,miss.a@meadows.biz
8,Alan,Williams,969.271.7645x46205,a.williams.4762@levy.com
9,Albert,Garcia,001-988-661-5041,a.garcia.3072@durham.com
10,Alejandro,Davis,255-991-8770x76962,davis_a@schmitt.com
11,Alexa,Green,(460)300-0913x0355,personal.green@cain.biz
12,Alexander,Blake,315-727-3712x50544,alexander.blake@lang.com
13,Alexander,Hays,+1-775-273-9337x8663,hays_perhaps@kidd.info
14,Alexander,Martin,9487066159,martin.remain.2103@estrada.com
15,Alexander,Robinson,+1-950-836-0324x234,robinsonalexander@santos.com
16,Alexander,Sanders,530.378.3699x26168,whole.alexander@jensen-day.com
17,Alexander,Watson,934-339-5258,watsonalexander2555@franco.org
18,Alexandra,Chen,(496)439-3321,chen.alexandra@rodriguez-wright.com
19,Alexandra,Glover,001-597-939-7197,a.glover.9877@olson.com
20,Alexandra,Lowe,(270)260-6068x72940,alowe9543@chan-brown.com
21,Alexandra,Madden,9962550397,few_madden@luna.com
22,Alexandra,Young,265-666-3155x118,ayoung9158@stevens.com
23,Alexis,Lowe,+1-394-981-7836x8587,loweown@singh.com
24,Alexis,Short,(575)676-3797,alexisshort2742@alvarez-lewis.com
25,Alice,Cox,+1-838-667-6519x0790,cox.alice@mejia.net
26,Alicia,Butler,(499)730-2617,butler.alicia@pearson-hammond.net
27,Alicia,Moore,515.944.3523x1960,amoore@hill.biz
28,Allison,Gregory,(924)255-0461x5759,gregory.allison@moore-thomas.com
29,Allison,Williams,(715)306-8478x61426,williamsspend@chavez-macdonald.com
30,Alyssa,Forbes,(818)426-6571x19393,alyssaforbes643@williams.com
31,Alyssa,Martinez,440-527-7555,a.martinez.218@thompson.com
32,Alyssa,Williams,+1-630-857-7377x27443,williamsalyssa@diaz.com
33,Amanda,Burnett,(959)858-6180x6708,evidence.amanda@clark.biz
34,Amanda,Cook,432-484-4630x602,cook.a.3586@lucas-gilbert.com
35,Amanda,Davis,6597783277,amanda.davis.5800@ochoa-torres.com
36,Amanda,Hall,616-587-4348,hall_education_4632@li-monroe.com
37,Amanda,Wyatt,(445)333-1835,wyatta6451@maynard.com
38,Amy,Leach,(429)706-0482x48605,leach.bring.5704@myers-snow.com
39,Amy,Miller,+1-671-516-7734x87432,miller_amy_3305@jennings.info
40,Amy,Stewart,979.793.4884x57205,stewartamy@francis.com
41,Amy,Thomas,(372)358-0275,thomas_a_7926@wilson.com
42,Ana,Cunningham,361-692-8469,cunningham.a@murphy.info
43,Andrea,Brooks,+1-225-510-6030,brooks_institution_650@stone.com
44,Andrea,Glenn,4967376200,a_glenn@blair-todd.com
45,Andrea,Long,716.248.5151x5836,andrealong@rodriguez.com
46,Andrea,Vaughan,2107210990,vaughan_a_7107@woods.com
47,Andrew,Johnson,+1-358-350-5700x3645,ajohnson@brown.com
48,Andrew,Martin,001-526-589-2371x027,formmartin2694@clark.net
49,Andrew,Miller,001-600-615-6668x5313,miller.andrew.8401@cooper-moore.com
50,Andrew,Weber,001-248-247-8362x3831,andrewweber8596@ramirez.net
51,Angel,Dillon,868.290.8408x61810,decision.angel@wolf.info
52,Angel,Juarez,3486450668,juareza4779@hicks.com
53,Angela,Davis,(281)668-2451x8552,davis.a@meyer.net
54,Angela,Everett,729-620-6192x875,aeverett@rodriguez.com
55,Angela,Fields,+1-679-304-7545,angelafields@kennedy.com
56,Angela,Malone,234.786.6031x10219,malonea5102@moreno-haynes.com
57,Angela,Morales,+1-696-924-5100,a.morales@mckinney.com
58,Angela,Smith,6313002952,smitha2291@silva.com
59,Angela,Ward,+1-312-454-8020x5962,angela.ward.4676@herrera-brown.com
60,Angelica,Brown,426.563.7543,brown.a@phelps.com
61,Angelica,Johnson,+1-568-626-2662x352,ajohnson@acosta.net
62,Ann,Robertson,(865)466-4148,robertson.interest.8150@schwartz-weaver.org
63,Anna,Acosta,835.400.4013,a.green.142@valenzuela.info
64,Anna,Hill,723.758.4611,ahill@gonzalez.com
65,Anna,Molina,759.220.0827x35845,molina_article@harris.com
66,Anthony,Norton,338.641.5726x439,norton.a.3291@jimenez-benson.org
67,Anthony,Pennington,373.925.3193x584,anthony_pennington_1375@burton.com
68,Anthony,Perez,567.255.5516x7330,a.perez@stevenson.com
69,Anthony,Smith,310.286.2920x97581,smitha4220@lewis.biz
70,Anthony,Stuart,(363)500-6053x590,anthonystuart@clark.net
71,Anthony,Tucker,+1-503-460-2669,tuckera@nguyen.com
72,Antonio,Harris,(773)843-7334,harris.especially@romero.net
73,Antonio,Hurley,(492)856-1495x173,hurleya@smith.com
74,April,Trujillo,848.431.8066x052,trujillo.april@stephenson.net
75,Arthur,Holt,(475)843-3853,holtarthur@valdez.com
76,Arthur,Mckinney,318-497-4490x585,mckinneya1499@fuller.biz
77,Ashlee,Allison,001-342-219-8632x430,allisona9051@adams.com
78,Ashley,Burch,777.276.4259x83115,afinally@moran.info
79,Ashley,Davidson,+1-492-607-9076x079,parentdavidson@lopez.com
80,Ashley,Flowers,(495)995-6649x399,flowers.a@davis-frazier.com
81,Ashley,Hernandez,264-496-5412,ashley.later.185@hernandez-shaw.info
82,Ashley,Hill,2274206703,line.hill@carrillo.org
83,Ashley,Johnson,001-244-536-7379x4819,johnsonhim@church.biz
84,Ashley,Kim,001-895-417-4003x017,kimashley@stevenson.net
85,Ashley,Krueger,747.503.1276,ashleykrueger@terry.com
86,Ashley,Reid,(896)614-8287x66030,reid.a.7844@brown.com
87,Audrey,Humphrey,(971)896-1981,aweight128@roy.com
88,Audrey,Myers,628-719-1777x271,myersspace6102@kelly-gibson.com
89,Austin,Fuller,379.662.7549,fulleraustin7494@nunez.com
90,Austin,Phillips,001-379-970-4727x92735,aphillips@reilly.com
91,Barbara,Hester,446-648-4635x25731,hester.site.3268@king.com
92,Barry,Johnson,3804491689,johnson.end@clarke.com
93,Barry,Trujillo,251-336-4062,trujilloincluding9709@kennedy-smith.com
94,Barry,Wilson,(240)600-2264,wilson.b.7190@gray-freeman.com
95,Belinda,Miller,633-303-8937x9069,belinda_miller@estrada.com
96,Benjamin,Brown,448.302.5220,benjamin_brown@martin-cannon.biz
97,Benjamin,Cox,(213)250-1465x6497,benjamin.cox.6811@sanford-nelson.com
98,Benjamin,Morales,702-300-9438,moralesbenjamin872@hogan-sanchez.com
99,Benjamin,Roberts,+1-688-535-7658x9924,matter.roberts@foster.com
100,Bethany,Bell,+1-857-726-4869x65965,bell.b@collins.com
101,Bethany,Walton,001-685-926-0892,walton.bethany.8600@gregory.org
102,Betty,Parker,789.210.8418x046,parker_betty_7924@mckay.com
103,Billy,Frost,+1-473-769-7750x34302,frostmember@barr.com
104,Billy,Sloan,(965)478-0793x789,sloan.skin@mitchell.org
105,Blake,Nicholson,262.439.3088x5455,nicholson.b.8441@arellano.com
106,Bonnie,Odom,(524)806-2383,blueodom5594@mason.com
107,Bradley,Black,(666)584-5589x912,b.black.6400@ramirez.com
108,Bradley,Lopez,506-794-1350,lopez.b@turner-smith.com
109,Bradley,Parker,228.867.2443,b.parker.4305@strong.com
110,Bradley,Spencer,+1-260-443-8861x751,b.spencer.1089@ross.com
111,Brandi,Williamson,(814)975-6900x6483,b.about.9695@dixon-williams.org
112,Brandon,Allen,705-244-4626,ballen2525@houston.net
113,Brandon,Armstrong,001-212-583-7082x45623,armstrong.brandon@oconnor.com
114,Brandon,Gibson,742.380.1256x6891,gibson.b@knapp.com
115,Brandon,Kelley,+1-234-384-9980x9835,kelley.culture@clay.com
116,Brandon,Lloyd,517-271-7977x4952,lloyd.brandon.342@smith.com
117,Brandon,Ortiz,+1-705-504-4314x96526,ortiztoward6404@garcia-hall.net
118,Brandon,Wall,001-518-684-5018x674,wallbrandon6098@lynch.net
119,Breanna,Wood,+1-879-404-6400x1136,wood.breanna.991@gibbs-rodriguez.com
120,Brendan,Lopez,532.290.9140,lopezbrendan@white-bailey.com
121,Brett,Chung,7804097725,chung.b.6027@harvey-price.biz
122,Brian,Aguilar,614-679-1309,brian.aguilar@moore.com
123,Brian,Bullock,293.376.5291,bullockb7073@brown-powell.com
124,Brian,Gomez,5894443553,b_gomez@moore-anderson.info
125,Brian,Hampton,896.510.9824x1033,bhampton@romero.com
126,Brian,Jackson,+1-697-510-2856x345,jackson_brian@edwards-gomez.com
127,Brian,Johnson,(356)409-4981x6228,cut_brian_5861@hernandez-king.info
128,Brian,Mckinney,355.318.7339x13870,radio.brian.8751@garza.com
129,Brian,Moore,+1-893-400-2733x982,moore.official@martinez.com
130,Brian,Peterson,4475634903,petersonbrian2187@gonzales.com
131,Brian,Williams,001-467-344-2059,bwilliams8147@harris.info
132,Briana,Austin,988-818-7890x03221,austinbriana@gonzalez.com
133,Briana,Luna,001-200-974-6102x07901,luna.b@jones.info
134,Brianna,Parker,(629)895-8949x79662,parker.brianna@neal-potts.com
135,Brittany,Davis,+1-624-274-7448x0841,davisprotect@nunez.com
136,Brittany,Huffman,+1-335-664-6071x03178,tob5436@willis.biz
137,Brittany,Knight,727-258-1035x74938,bknight8071@griffin.com
138,Brooke,Baker,443-347-6249x95391,baker.analysis@hill.com
139,Bruce,Crawford,001-659-487-2726,crawfordbruce@patterson.org
140,Bryan,King,993-903-9875x2613,king.b.1376@austin.biz
141,Bryan,Myers,444.233.9146x233,bmyers3696@wilson.com
142,Bryan,Reeves,+1-515-711-5348x987,reeves.participant.7298@smith.com
143,Bryce,Cook,2377288094,cookbryce@campbell.com
144,Bryce,Padilla,(546)824-8320,padilla.b.8059@hamilton-harmon.net
145,Caitlin,Anderson,001-473-298-1088x764,anderson.c.7036@briggs.com
146,Caitlyn,Golden,(572)215-5257,caitlyn.golden@pearson.com
147,Caitlyn,Wilkerson,(562)461-5049,wilkersoncould@price-goodman.net
148,Caleb,Rice,868.703.3751x760,riceelse@collins.com
149,Cameron,Allen,5004233823,allencultural1001@young.org
150,Cameron,Jackson,623-676-8648,jacksonrisk@richardson.com
151,Carla,Vazquez,001-908-404-5587x64031,vazquez.c.9803@santana-lewis.info
152,Carly,Cortez,001-569-600-6481x247,ccortez2413@kelly-thomas.com
153,Carol,Anderson,001-409-856-5738x310,andersonc5990@harper-bates.info
154,Carol,Logan,+1-978-420-6371,loganc@wilkinson-johnson.com
155,Carolyn,Ward,705.363.1334,wardc3580@ingram-perez.biz
156,Carrie,Green,+1-242-699-5329x474,c.green@oliver-smith.com
157,Cassandra,White,843-924-7729x0270,whitecassandra8004@newton.net
158,Catherine,Barnes,+1-428-595-7971x494,affect.catherine.6507@singh.org
159,Catherine,Chavez,3204154047,catherinechavez321@washington.biz
160,Catherine,Hunt,700-394-3684x542,catherinehunt@moore.com
161,Catherine,Kaufman,5436022532,c.kaufman.9715@moran.com
162,Chad,Phillips,369-250-9238x687,phillipschad@schneider.com
163,Charles,Bennett,(221)982-2270x19204,bennettc@dyer.info
164,Charles,Brown,9779921473,brownc867@barnes.com
165,Charles,Gordon,+1-265-545-1915,gordon.c.9867@boone.com
166,Charles,Keller,001-554-999-8484x16941,kellercurrent1658@jackson.com
167,Charles,Mccormick,001-667-790-6949x2885,mccormick_sign@potter-sanford.com
168,Charles,Porter,8304508140,porter.c.1398@finley.com
169,Chase,Abbott,(728)568-7110x732,abbottc@payne.info
170,Cheryl,Hudson,001-681-579-3650x049,cheryl.hudson@kline.com
171,Cheryl,Malone,805.850.7258,cherylmalone9234@rodriguez-schaefer.com
172,Cheryl,Paul,+1-941-475-7807x56625,paulpressure@christian.info
173,Christian,Martin,+1-773-780-2143x50379,martin.back.3971@obrien-logan.com
174,Christian,Miller,465-206-8977,christianmiller@richardson.com
175,Christian,Wagner,872-751-2943x19886,wagner.c.3151@cabrera.biz
176,Christina,Alvarez,+1-297-800-1124,christina.alvarez.4822@yoder-hooper.org
177,Christina,Bell,(553)442-6704x02089,bell.christina.6664@payne.info
178,Christina,Schwartz,265-829-3643,christinaschwartz9252@mcconnell.com
179,Christina,Thomas,843-468-8068,thomasc@stevens-ramsey.com
180,Christine,Anderson,2042205251,christine.anderson.3349@holland.org
181,Christine,Crosby,6853817636,crosby.c.3382@parrish-simpson.com
182,Christine,Fleming,6284738059,flemingc304@randolph-grant.com
183,Christine,Kim,001-733-235-7024x95320,christinekim8833@carney.net
184,Christine,Miller,+1-559-997-7979,millercultural@patrick.com
185,Christine,Patterson,226-990-0167,patterson.c@frazier.org
186,Christine,Williams,636-458-4376x958,accountc@daniels.org
187,Christopher,Arias,9212224721,ariasc1199@simmons.com
188,Christopher,Bailey,+1-527-532-9475,public_bailey_6635@gamble-norman.com
189,Christopher,Carter,+1-247-799-0041x0550,carterchristopher282@johnson-alexander.com
190,Christopher,Floyd,421.976.6163,floyd_christopher_6160@martinez.com
191,Christopher,Gay,655.582.3469x21679,gay.christopher@young.com
192,Christopher,Hanson,(580)667-3817x00993,hanson.reason@schultz-kim.com
193,Christopher,Hawkins,(610)372-6553,christopher.hawkins@greene-martinez.org
194,Christopher,Hernandez,001-925-954-9516x97828,hernandezchristopher480@christensen-weaver.com
195,Christopher,Herrera,5547637251,herrera.remain.7607@callahan.info
196,Christopher,Hill,784-238-8806,hill.christopher@harvey.org
197,Christopher,Hill,+1-680-428-9866x33808,hillchristopher6648@reed-sheppard.biz
198,Christopher,Hobbs,663-527-5878,hobbsc9635@weaver.com
199,Christopher,Hobbs,(563)232-4798,chobbs1798@farley.com
200,Christopher,Johnson,5164552436,c.road@olsen.com
201,Christopher,Ortiz,759.426.7676x6963,c.ortiz.9576@morris.com
202,Christopher,Rhodes,001-319-767-5123,rhodeschristopher9096@alvarado.info
203,Christopher,Rice,+1-557-722-9088x366,rice.bad.174@duke-riley.org
204,Christopher,Roberts,001-844-959-6741x58132,unitroberts@lee.info
205,Christopher,Roberts,721.401.6228,croberts9824@berger-kirk.com
206,Christopher,Rodriguez,001-723-752-6943,rodriguezchristopher@taylor.com
207,Christopher,Vega,+1-387-914-8275x0950,christopher.vega@pitts.net
208,Christopher,Wilkinson,(775)790-7209x16153,wilkinsonc2611@solomon.com
209,Christopher,Wright,9327198526,christopherwright@white-holmes.com
210,Christy,Carter,+1-414-353-1173x89006,carterc@schultz.net
211,Cindy,Anderson,+1-512-937-0796x3841,cindyanderson9982@french-gross.com
212,Claire,Serrano,001-667-417-7335x439,claireserrano6407@rivera.info
213,Clarence,Chang,001-439-537-5844,chang.c.9094@gardner-sawyer.info
214,Cody,Ellis,(230)950-2742x7727,c.ellis.4613@roy-hudson.net
215,Cody,Patel,(222)721-6178x389,patel.c.5828@lewis.com
216,Cody,Perez,846-644-9711,perezc@sanders.com
217,Collin,West,001-951-597-8932x224,westc@bauer-vasquez.biz
218,Connie,Harris,(881)845-5127,bookharris@richardson-foster.com
219,Connor,Nelson,(929)916-5837x6255,entirenelson@taylor.biz
220,Corey,Levy,001-655-546-5191,levy.corey@glover.com
221,Corey,Wells,+1-500-281-1615x1387,wellsc964@mercado.com
222,Courtney,Anderson,(350)614-0267,c.anderson@drake-powell.net
223,Crystal,Golden,340.792.0524,golden.crystal@allen-bennett.biz
224,Crystal,Price,(351)733-2329,cprice5576@mccann.info
225,Crystal,Thomas,+1-475-922-5754x61077,thomas.crystal@burns.com
226,Curtis,Brown,423-974-8701,browncurtis@perez.org
227,Curtis,Garcia,676-685-3722x870,curtis.garcia.6686@gardner.com
228,Cynthia,Hess,(742)466-7190x0180,chess@alexander.biz
229,Cynthia,Palmer,+1-843-385-5943x730,palmer.cynthia@weaver.com
230,Cynthia,Phillips,(973)750-3163x709,c.phillips@erickson-stevens.com
231,Cynthia,Townsend,001-290-217-3130,cynthia.townsend.7577@white.info
232,Dale,Schneider,+1-559-810-0323x906,schneiderdale@howard.info
233,Daniel,Bartlett,001-672-964-3487x1945,bartlett.daniel.6037@rivera-gardner.com
234,Daniel,Bowman,001-716-757-9724x862,danielbowman@thompson.com
235,Daniel,Campbell,(962)222-0152x02636,campbell.daniel.2276@short.net
236,Daniel,Carrillo,(752)355-9373x6657,pullcarrillo@wong-copeland.com
237,Daniel,Chavez,316-564-2241,chavezwho7625@rodriguez.com
238,Daniel,Cole,001-891-656-9119x936,danielcole@martin-wood.org
239,Daniel,Deleon,(346)740-5694,deleondaniel@johnson.com
240,Daniel,Dorsey,484-521-0397x3888,dorsey_d_4560@phillips.com
241,Daniel,Foster,001-609-316-8408x340,fosterdaniel@cooper.com
242,Daniel,Knight,001-851-512-3173x677,knightdaniel7925@strickland-gay.com
243,Daniel,Newman,907-222-8932,newman.daniel.3570@patel.com
244,Daniel,Romero,7458257170,centralromero@hall.info
245,Danielle,Garrett,001-537-651-2518x90474,garrett.danielle.4606@taylor-watts.info
246,Danielle,Moore,(932)238-4205x1418,mooreteam3804@mcclain-aguilar.biz
247,Danielle,Turner,001-383-216-7657x57148,turnerd@horn.com
248,Danny,Jackson,+1-959-625-3646x01410,danny.jackson.817@sherman-armstrong.net
249,Danny,Richards,475.284.5242x1259,richardsarea@johnson-key.net
250,Danny,Sanchez,738.592.8981x785,danny.sanchez.4708@horton.com
251,Darius,Stevens,+1-220-240-7019x2774,stevensdarius@rich-leach.net
252,Darlene,Randolph,+1-280-402-4855x6456,randolphdarlene@young-harper.biz
253,Darrell,Miller,253-338-0109x2568,darrell.miller.2795@williams-powell.net
254,Darrell,Smith,001-394-478-6810x470,smith.significant@sanders-larson.com
255,David,Brady,6597485343,dbrady@cunningham.com
256,David,Chung,+1-919-777-2423x83854,chung.david@williams.biz
257,David,Fleming,001-639-810-0514x1973,davidfleming@johnson-dillon.com
258,David,Green,527.445.6304x24709,dgreen4039@sutton-leonard.org
259,David,Hart,2229562101,hart.david.9828@wood.com
260,David,Herman,(830)938-9236x04795,davidherman7232@collins-burns.info
261,David,Ibarra,(221)372-7468x4968,ibarradavid@nelson.net
262,David,Jones,001-707-759-2498x5422,davidjones@noble.com
263,David,Jones,+1-927-530-9719x974,jonesd6571@hernandez-chambers.com
264,David,King,001-712-776-7519x203,kingdavid2547@page.com
265,David,Moore,948-402-5387,moore.wind.2786@chen.biz
266,David,Moore,539.493.2711,d.moore@brooks.biz
267,David,Murphy,888.680.5089,murphy.d.979@yoder-peterson.net
268,David,Nichols,(316)625-8661x472,nicholsdavid@sanchez.com
269,David,Ochoa,281.867.1615,david.measure.3427@morales-young.org
270,David,Reyes,714.475.3974,davidreyes@daniels.org
271,Dean,Gomez,(690)635-0879x7354,dean.gomez@larsen.com
272,Deborah,Cook,747.841.2427x57672,cook.d@martin-yoder.com
273,Deborah,Thompson,+1-402-884-9702x38190,thompsongroup@ross-andersen.org
274,Debra,Rodriguez,001-953-537-0927x2855,debrarodriguez@bonilla.com
275,Denise,Andrews,846-593-0536,d.andrews@hart.info
276,Denise,Castro,275-767-4042x770,denisecastro7799@harris.com
277,Denise,Sandoval,(846)948-2280x04161,sandovald2214@lee.info
278,Dennis,Hawkins,001-214-888-5838x7410,hawkins.dennis.5195@lee.com
279,Dennis,Martinez,(485)921-7759,dennis.martinez.7580@kim.com
280,Derek,Hale,+1-393-272-0307x869,hale.d@esparza.biz
281,Derek,Vang,242-589-4708,vangderek5677@flores.com
282,Derrick,Moore,358.661.5483,derrick.moore.2602@pope.info
283,Desiree,Simmons,001-656-877-1636x632,simmons_desiree_257@moore-calderon.com
284,Devon,Brooks,477.381.6876,brooks_add_8996@baker.info
285,Diane,Green,780.853.3140,dianegreen@smith.com
286,Dominic,Carr,+1-658-666-6079x290,carrd@bowers.com
287,Don,Adams,+1-980-545-7266x27973,don_adams@harris-jordan.org
288,Donald,Ferguson,+1-425-878-7810,fergusond750@duarte-ryan.com
289,Donald,Harding,793-904-7725x39308,harding.donald.7185@sullivan.com
290,Donald,Simpson,712-426-0919,simpsonhouse@sanders-bullock.com
291,Donna,Bell,917.948.2642x9004,d.bell@harper.com
292,Donna,Mcdonald,811.712.2210x59966,mcdonalddonna6072@perez.info
293,Donna,Oliver,717-278-8994x269,offdonna7145@stephens.com
294,Donna,Peck,455.211.2558x787,peck.d.8429@carter.biz
295,Doris,Russo,720.506.5443x838,dorisrusso@collier-fletcher.com
296,Doris,Waters,+1-757-791-7115x42695,watersdoris@mcguire.com
297,Dorothy,Hall,001-338-609-8495x03504,dorothy.per.1343@mitchell-chambers.com
298,Douglas,Bean,233.661.3092,generation.d@brown.com
299,Douglas,Davis,(418)570-4943x9395,davisseason9841@carrillo.com
300,Dustin,Morales,(387)333-9913x379,moralesd2244@burke-cardenas.com
301,Dwayne,Bell,606-619-7667x9508,belld@galvan.com
302,Dwayne,Evans,001-549-793-2545,evans.d@turner-tate.com
303,Dylan,Cole,+1-291-428-9551,dcole@jones.com
304,Dylan,Ramirez,(705)408-6720,ramirezauthority7757@guerra.com
305,Edward,Church,+1-385-775-2634,e.church@robinson.com
306,Eileen,Griffin,582.584.5663,griffin.e.3883@collins.com
307,Elaine,Campos,756-672-1702x2882,e_someone_5466@reed.biz
308,Elaine,Valencia,001-577-575-8331,evalencia6013@johnson-lin.info
309,Elizabeth,Ayala,896.973.2995x455,ayalapicture9331@jones.net
310,Elizabeth,Black,641.820.8471x1019,beatblack@martinez-schultz.com
311,Elizabeth,Cruz,311-227-5670x39674,elizabeth.cruz@mercado.com
312,Elizabeth,Potter,(691)438-6890x19490,e.potter@harris.com
313,Elizabeth,Willis,943.579.2923,willise@jones.com
314,Emily,Anthony,+1-348-322-2935,anthony.emily.4776@butler-martinez.com
315,Emily,Morales,771.866.0469x50326,morales.e.729@holt.com
316,Emily,White,001-750-271-6224x807,whitee@powell.com
317,Emily,Williams,(716)581-7027x94327,emilywilliams@powell.info
318,Emily,Wood,001-205-709-4195x936,bettere@munoz.com
319,Erica,Colon,580-422-4977x362,colon.erica.1035@reese.biz
320,Erica,Hayes,+1-536-740-7321x8816,hayeserica@lyons.com
321,Erik,Gross,313-970-3023x5865,erikgross@nelson.com
322,Erik,Shaw,+1-407-851-4573x0979,shaw.e@donovan-macdonald.biz
323,Erin,Cox,435-500-5759,erincox7650@willis.com
324,Erin,Davis,480-446-3324,davisability9522@smith.net
325,Erin,Robertson,+1-449-731-7108x96007,robertsonerin8454@cox.com
326,Ernest,Todd,(574)340-9262x78736,stay_todd_8019@durham.com
327,Evan,Mason,382-275-9131,evanmason@miller-randall.com
328,Evan,Quinn,(210)496-3354x5844,quinn.evan@valdez.com
329,Felicia,Park,001-377-610-4959x7512,morning.felicia@morgan.com
330,Frank,Pennington,390.635.1527x48203,penningtonfrank@monroe.biz
331,Frank,Sosa,(445)717-0913x8288,sosafrank@miller.biz
332,Frank,Thomas,+1-585-521-6024x3170,thomas.f.6708@pierce.net
333,Gabriel,Pierce,001-678-813-2247x7062,gabrielpierce@fuller-kelly.com
334,Gail,Levy,321.941.8764x512,putgail690@freeman.com
335,Gary,Clark,001-969-414-7974x3194,clark_g@pierce.com
336,Gary,Pierce,001-718-376-5473x39181,institutiongary@thompson.com
337,Gary,Stone,5633545194,g.so.7846@brewer.biz
338,George,Castillo,865.902.1326,developmentcastillo1825@smith-brennan.com
339,George,Leach,001-410-678-3697,leach.g@burgess-morgan.com
340,Gina,Ortega,6316960593,g.ortega.9237@whitehead-davis.com
341,Glenn,Garcia,573.981.6374,determinegarcia5685@velasquez.com
342,Gloria,Navarro,(481)651-9381,navarrogloria2626@lane.com
343,Gordon,Webster,001-324-901-3685x04857,glisten724@williams-morgan.info
344,Greg,Garcia,(231)342-7216x1421,ggarcia@bentley.biz
345,Gregory,Mclean,238-694-6514x6902,mcleangregory@williams.biz
346,Gregory,Porter,+1-705-875-3914x621,portergregory@knight-perez.com
347,Haley,Gill,626.999.2055,gillh2641@coffey-hess.info
348,Hannah,Davis,923.485.8065,hannahconcern6697@olson.biz
349,Hannah,Morris,4034204582,morris_society@smith-gomez.com
350,Hannah,Orozco,7154065274,hannah.while.1904@anderson.biz
351,Hayden,Johnson,001-824-741-4822x2117,johnsonknowledge2505@peterson.com
352,Heather,Day,(251)730-3328x301,dayh@hughes.net
353,Heather,Robertson,5043599517,h.authority@freeman.biz
354,Heather,Taylor,(856)727-5867x6790,taylorheather@carter.info
355,Heather,Walker,291.318.8253,walker.h@freeman.com
356,Heidi,Gonzalez,001-467-444-6034x28333,gonzalezseat8808@thompson-wood.info
357,Henry,Diaz,(870)295-0273x9818,diaz_h@jackson.com
358,Holly,Franklin,444.275.5245x639,franklinholly@bryant-marshall.com
359,Holly,Smith,+1-559-324-1129x9245,smithholly6102@armstrong.com
360,Holly,Wagner,6806995056,holly_wagner@miller.com
361,Holly,Williams,4245005645,williams.holly.1628@cruz.com
362,Ian,Bowman,539.929.4949x30396,bowman_manage@peterson.com
363,Ian,Fox,(917)710-6686,i.fox.6520@terry.biz
364,Ian,Hall,838-246-9619x4546,hallian@gonzales.org
365,Ian,Harrison,342.293.9248,harrison.stuff@crosby.com
366,Ian,Woods,(255)842-1049,agencyian1103@baker-silva.com
367,Isabella,Spencer,793-561-3362x135,spencerisabella@white.com
368,Jack,Davis,+1-601-930-6719x0708,davis.sign.8549@holden.com
369,Jackie,Castillo,575.548.5283x23230,castillo.jackie.4443@white.com
370,Jaclyn,Morales,311-679-3425x03237,moralesj8623@hernandez.info
371,Jacob,Goodwin,001-601-794-9012x7494,goodwinyet5181@martinez.com
372,Jacob,Mendoza,+1-264-485-0270x066,jacobmendoza@johnson.biz
373,Jacqueline,Hall,600.571.4423,j.hall@brown.com
374,Jacqueline,King,620-578-2804,king.j@walls.com
375,James,Atkins,677.418.8364,atkins.huge.354@deleon.com
376,James,Brooks,001-866-994-6097x017,brooks.j@morgan-fox.com
377,James,Carlson,001-347-367-6286,jcarlson936@rhodes-mcguire.biz
378,James,Gilbert,+1-652-378-1014,increase.james@sanchez-castro.info
379,James,Lane,(851)904-4167x162,lanej167@lawson.com
380,James,Martin,589.315.4420x391,martin.j@robertson-dyer.com
381,James,Murphy,001-509-259-8664x75461,junder5645@robinson.com
382,James,Reed,+1-687-714-2619x05452,jreed246@garcia.com
383,James,Taylor,561-281-0407,taylorred@sparks.com
384,James,Thomas,573-870-9920,thomas.james.3666@watkins.com
385,James,Wilkinson,991.297.5872x313,jamesperson@gonzalez-hoffman.biz
386,Jamie,Campbell,330.730.9451x647,campbellj@bates.biz
387,Jamie,Mora,001-697-494-9606,jmora4465@jackson-brown.info
388,Jamie,Stone,865.602.4817x4818,darkj2211@flores-walker.com
389,Jane,Glover,873-282-1571x7189,gloverjane@perkins.net
390,Janet,Baker,927.562.2536,bakerj9877@mejia.biz
391,Janet,Miller,(886)246-4664x7990,millerjanet7417@joyce.com
392,Jared,Taylor,729-249-1032,taylorj@romero.com
393,Jasmine,Jordan,613-726-7162,jordanjasmine6843@parrish.com
394,Jasmine,Wright,987.218.5792,noticewright@alexander.net
395,Jason,Bishop,+1-368-261-7688,bishop.jason@hernandez.net
396,Jason,Everett,(237)538-0563x58120,jeverett@schultz.com
397,Jason,Mckinney,+1-943-763-7104x82972,propertymckinney@guzman.net
398,Jason,Mitchell,253-384-7810x7504,mitchellj@burton.com
399,Jeff,King,456.830.9202,king.jeff@black.org
400,Jeffrey,Andrews,001-599-501-9827x70954,andrewsj@merritt.info
401,Jeffrey,Harper,818-575-4203,expectharper@garner.com
402,Jeffrey,West,275.273.7253x448,yardjeffrey5918@walker-moody.com
403,Jenna,Gutierrez,(295)319-7280x7940,gutierrezjenna3509@potter.com
404,Jenna,Howard,(527)695-3424,howardjenna88@cannon.com
405,Jennifer,Allen,(273)477-9759x86202,allen.jennifer.4747@gomez.com
406,Jennifer,Allen,(637)308-9490x93175,allen.j.5442@hawkins.info
407,Jennifer,Bates,001-993-632-2503,bates.j.8337@floyd.com
408,Jennifer,Campbell,(453)423-5681,campbelljennifer@mcgee.org
409,Jennifer,Cruz,548.378.5243,junit1832@rowe.org
410,Jennifer,Dickson,5778756042,dicksonj374@reyes-le.info
411,Jennifer,Douglas,5437956445,douglas.jennifer@ball-jackson.com
412,Jennifer,Hernandez,451-783-2100x7382,jhernandez3148@parrish.com
413,Jennifer,Jackson,(903)858-6216,jackson.j.9071@robinson.com
414,Jennifer,Leonard,509.821.0064x541,j_leonard@johnson.com
415,Jennifer,Lewis,9813732574,lewis.jennifer@becker-ford.info
416,Jennifer,Logan,001-884-952-6114,loganwhen@booker.org
417,Jennifer,Miller,(353)665-5193x313,millerjennifer9351@bradford.org
418,Jennifer,Olson,241.311.2077x6960,olsonj5619@watson-green.com
419,Jennifer,Payne,488-841-2015x50922,payne.j@frazier-mayo.net
420,Jennifer,Potter,(725)510-0366x58727,potteraccept@wright.com
421,Jennifer,Powers,613-577-7838x161,powersaccount@bates-reese.com
422,Jennifer,Saunders,(706)316-6158,saunders.i@beard.biz
423,Jenny,Middleton,893.649.4561x6744,value.middleton@williams-carter.net
424,Jeremy,Bennett,(262)560-7975x55146,our.bennett.9864@miller.info
425,Jeremy,Carter,4813120930,jeremycarter8855@cunningham.info
426,Jeremy,Espinoza,733-688-7266x1333,espinoza.jeremy.6799@fisher-lee.com
427,Jerome,Erickson,001-434-476-9810x1983,erickson.cause@matthews-robinson.biz
428,Jerry,Davis,495-332-1129x54425,jerrydavis@barnes-carrillo.com
429,Jesse,Mcgee,001-720-346-0452x24123,mcgeej@adams-miller.info
430,Jesse,Romero,(521)233-7129,romerojesse@king-anderson.com
431,Jessica,Carroll,659-401-4364x7928,their.carroll.6497@gross.net
432,Jessica,Garcia,7556272302,jgarcia@ellis.com
433,Jessica,Garcia,+1-589-492-0813x186,garcia.j@boyd-garrison.org
434,Jessica,Gonzalez,001-766-709-4338x01962,gonzalezj@horn-fields.com
435,Jessica,Heath,468-755-3789x0380,jessicaheath3369@mccarthy-howell.com
436,Jessica,Hodge,001-450-253-8909x686,hodgedescribe9814@mccormick.com
437,Jessica,Hunter,(998)714-6923x258,jessica.hunter.6642@brown-navarro.info
438,Jessica,Oliver,263-243-5474x115,oliver.jessica@hurley.com
439,Jessica,Owens,553.795.1381x94863,cupowens3098@thompson.net
440,Jessica,Pearson,921-999-7725,pearsonj7912@hernandez-snow.net
441,Jessica,Reyes,5016915923,jessica.reyes@grimes.net
442,Jessica,Smith,372-933-0444x605,jessicasmith1256@hamilton-scott.com
443,Jesus,Wright,605.947.9467x66513,wright.jesus.7579@meadows.com
444,Jill,Bailey,800-754-5081,certainly.bailey@gonzales.com
445,Joanna,Vega,(263)768-6714x0324,vegajoanna8524@riley-duffy.org
446,Joanne,Dennis,741.320.8346x277,joanne_dennis_1207@lucas-case.com
447,Jodi,Cunningham,(908)843-8875,detail_cunningham_2211@farrell.info
448,Jody,Carter,434-277-6679x20143,carter.jody.5596@pearson.info
449,Joel,Ward,(665)691-8992x8946,wardj71@harris.biz
450,John,Butler,713-734-0793x335,butlerj5439@newman.com
451,John,Callahan,+1-246-570-4098,j.callahan.775@davis.com
452,John,Evans,2928793999,about.evans@taylor-williams.com
453,John,Guzman,+1-441-943-0263x0429,j_guzman_3665@reed.info
454,John,Hernandez,268.259.7138,result.john.439@manning.com
455,John,Mann,248-770-1744,mannshake6924@thompson.net
456,John,Martin,001-587-480-7862,martinletter@dunn-jensen.com
457,John,Murillo,391.643.6376,murillo.j@huber.com
458,John,Peterson,+1-700-580-3960,peterson_j@gutierrez-santos.net
459,John,Roberts,+1-474-794-9235x59596,roberts.john@hutchinson-brown.info
460,John,Rodriguez,001-878-281-2251x4992,j.rodriguez@lopez.com
461,John,Villanueva,377-883-4208,villanueva.know.8181@adams.net
462,John,Warner,001-253-473-3655,warner.john.6746@oconnell.com
463,John,Wheeler,2868087593,wheelerj483@howell-casey.com
464,Johnny,Jackson,2679822294,jacksonj9415@hamilton.com
465,Johnny,Velazquez,(233)830-2603,jvelazquez1886@guzman.com
466,Jonathan,Campbell,3674569330,campbelljonathan2365@cunningham.com
467,Jonathan,Ellis,313-254-1967x302,ellisjonathan@williams.com
468,Jonathan,Frey,438.377.8088,opportunity.frey@henry.biz
469,Jonathan,Kennedy,832.240.4049x974,kennedy_j@murray.com
470,Jonathan,King,267.388.4801x756,jonathan.king.6494@huffman.com
471,Jonathan,Smith,418-726-2602x98116,smithjonathan323@sanchez.net
472,Jordan,Price,687.750.2141,pricej@donaldson-garcia.com
473,Jordan,Rodriguez,659.253.2495,jrodriguez@church.com
474,Jorge,Myers,514.586.1248x433,myers.jorge@smith.com
475,Jose,Hunt,(268)588-5778,across.hunt.7989@moore.biz
476,Jose,Kelly,872-417-2324,josekelly3183@hardy.info
477,Jose,Martinez,+1-936-839-4988x476,martinezjose6115@aguilar.info
478,Jose,Watson,(467)523-0495x369,watsonjose@bailey.com
479,Joseph,Allen,+1-716-637-5641,allenj9915@carter.com
480,Joseph,Cruz,239-570-0780x96343,housecruz8533@ramsey-clark.com
481,Joseph,Hernandez,4283710312,j.cold@forbes.biz
482,Joseph,Jordan,680.657.3271x16477,jordan_joseph_4684@gibson.net
483,Joseph,Joyce,001-786-572-5868x34668,joseph.joyce.9673@johnson.biz
484,Joseph,Murphy,500-776-4563,murphy.stand.9698@wallace.com
485,Joseph,Shea,213-566-6364x3344,butjoseph@burns.com
486,Joseph,Simpson,001-497-421-3958x72589,simpsonjoseph3666@webb.com
487,Joshua,Garza,+1-893-589-7899x11282,storyjoshua@floyd.com
488,Joshua,Montgomery,+1-222-406-6736x8814,montgomery_economic@west.net
489,Joshua,Peters,499.497.9513x2155,joshuapeters5593@shaw.com
490,Joshua,White,+1-568-492-1602x59261,joshuascientist5926@gray.com
491,Joy,Wilcox,378.693.2938,jwilcox2983@neal.com
492,Joyce,Patterson,+1-216-834-5275x483,joyce.patterson.4016@powell-anderson.com
493,Juan,Smith,515-879-7881x55514,smithj@solis-townsend.com
494,Juan,Thomas,001-742-491-4836x45886,juan.thomas.5832@drake-reed.net
495,Judy,Miller,543.729.1387,millerj4811@campbell.com
496,Julia,Mason,001-255-966-2146,masonj@lawrence-martinez.com
497,Julia,Sparks,944.601.3485x62042,sparks.j.1751@wong-beltran.com
498,Julian,Hart,+1-216-469-6161,hart.julian.8046@mcdonald.com
499,Julian,Powers,(203)310-1717,powers_j@mejia.com
500,Julie,Acosta,+1-664-222-1815x094,acostaj@taylor.com
501,Julie,Anderson,5933099462,anderson_better_4704@bell.biz
502,Julie,Holmes,(818)928-3636,tenholmes@maddox-thomas.com
503,Julie,Miller,001-878-578-5320x846,millerjulie5805@johnson-luna.com
504,Julie,Robbins,(226)856-0328,candidatejulie@pacheco-stewart.net
505,Julie,Simmons,772.712.5676x77559,j.simmons@allen.org
506,Julie,Vargas,001-511-821-4755x5055,vargasj4877@lin-dunn.info
507,Justin,Hammond,278-240-6847x180,governmentj5495@reynolds.net
508,Justin,Hudson,(978)357-0386,justin.hudson@norris.com
509,Justin,Malone,+1-516-704-7798x901,malonej3973@lewis.net
510,Justin,Peterson,669-831-9413,peterson.j.8925@lang.com
511,Justin,White,(409)374-9611x6621,justinwhite@robinson-adams.com
512,Kaitlyn,Grant,(522)509-3910,grant.kaitlyn.9609@kaufman.biz
513,Kaitlyn,Mckinney,001-400-706-6974,mckinneyk@richardson.com
514,Karen,Chase,+1-425-229-5573x3592,k.force@davis-clark.com
515,Karen,Ellis,001-821-851-4592x09341,karen.ellis.8415@ray.org
516,Karen,Hoffman,813.537.2896,khoffman3183@gonzales.org
517,Karen,Howard,(469)526-5801,khoward3062@short.com
518,Karen,Jensen,+1-237-743-1288x0656,karen_jensen@bailey-martin.net
519,Karen,Payne,+1-658-604-9716x053,paynecreate7747@rodriguez.com
520,Karen,Raymond,+1-495-245-2769x1485,kraymond4367@pham-mendez.org
521,Katelyn,Chen,314-236-0953x07134,chen.katelyn@randall-schmidt.info
522,Katherine,Hardin,229-575-6791,hardink5344@lewis.info
523,Katherine,Hughes,984.810.5078x1155,hughesk9561@brown.org
524,Katherine,Taylor,(943)632-3743x028,taylor.katherine.733@odonnell.org
525,Kathryn,Garcia,(933)326-6033,garciak7950@cox.info
526,Kathy,Rodriguez,+1-357-546-9002x6123,rodriguezkathy2987@mejia.com
527,Kathy,Webb,001-255-579-1892,kathynice5437@watkins.info
528,Katie,Compton,410-659-2624,comptonkatie9635@smith.com
529,Katie,Crawford,758.225.2373,kcrawford@johnson.com
530,Katie,Day,272-543-2840,k.day@rogers.org
531,Katie,Gordon,001-590-532-5634x461,gordononly@soto.info
532,Katie,Hernandez,4215550973,katie_scene@hart-smith.com
533,Katie,Johnson,(655)397-0150x2504,johnson.k@lambert.com
534,Kaylee,Gonzalez,4616748146,gonzalezk@patterson.com
535,Keith,Holland,(264)292-6974x828,keithholland4461@hill.com
536,Kelly,Anderson,(993)536-7109x69129,anderson.k.401@ballard.org
537,Kelly,Brown,(473)765-3216x484,brownrepresent@willis.net
538,Kelly,Edwards,001-320-688-6897x04654,edwards.kelly.7195@ramirez-garcia.net
539,Kelly,Foster,001-722-916-4457x654,kfigure@anderson.com
540,Kelly,Vazquez,+1-361-285-5320x83179,vazquezkelly8567@perez.biz
541,Kelly,Watson,(506)894-3056,watsonkelly@davis-jackson.net
542,Kelly,Zavala,(642)284-6220x3255,kelly.zavala@white-williams.biz
543,Kelsey,Garcia,+1-315-377-9943,garciakelsey6502@martin-long.com
544,Kendra,Garrett,808.257.2029,garrettkendra8479@jefferson.com
545,Kenneth,Allen,519.303.2750,kennethallen6878@fry.com
546,Kenneth,Reyes,266.627.1094,reyes.kenneth.2508@poole-walker.com
547,Kevin,Austin,739.655.4906,austink8057@nunez.com
548,Kevin,Benjamin,(528)232-5294,benjaminkevin55@fitzgerald.org
549,Kevin,Cruz,335-491-3971,appearcruz@miller-gilbert.com
550,Kevin,Green,766.772.5975x7369,green.nor.57@kim-jones.net
551,Kevin,Murphy,001-477-598-3570x85557,kprobably8736@allison.com
552,Kevin,Obrien,7112448766,line.kevin@hart-williams.com
553,Kevin,Richards,001-656-440-2253x93611,richardsresource8344@morris-harris.com
554,Kim,Ramos,201-346-0831,kim.ramos.1434@farmer.com
555,Kimberly,Blair,477-680-9323x27378,blair.kimberly.6618@nelson.biz
556,Kimberly,Cantu,(866)978-8771x66626,plan.k@walters.com
557,Kimberly,Hogan,484.356.5353,hogank909@stokes.info
558,Kimberly,May,001-300-314-7048x1145,manmay5844@ball.com
559,Kimberly,Mitchell,891-980-8577x9719,mitchellkimberly210@jackson.info
560,Kimberly,Vasquez,828.474.4544x3978,vasquez.k@owen.info
561,Kimberly,Ward,(819)520-2144,kimberlytruth1932@baker.com
562,Krista,Mullins,001-272-428-2350,mullins.krista@clark-spencer.com
563,Kristen,Peterson,(663)428-4715x8732,kpeterson@jones.com
564,Kristi,West,+1-790-995-0679x0696,west.bank@beck.org
565,Kristin,Anderson,983-362-9449,andersonred7661@dalton.net
566,Kristin,Kennedy,597.964.7365x20893,kennedyk@buckley-stewart.net
567,Kristin,Miller,941.840.9159,miller_k_7800@robertson.net
568,Kristine,Hoover,721.554.4121,hoovertalk@allen.com
569,Kristine,Underwood,+1-802-720-7981x108,kunderwood@washington.biz
570,Kurt,Grant,+1-272-641-1945x4396,kif@wallace.com
571,Kyle,Davis,332.424.3984x6328,kyle.davis.8060@wise.com
572,Kyle,Williams,+1-432-234-2942,communitywilliams9024@taylor-padilla.biz
573,Larry,Mccoy,001-392-820-6042x2668,mccoylarry@logan.com
574,Larry,Pena,978-410-1986x4561,larry.pena.2956@johnson.biz
575,Larry,Scott,498.302.1413x8939,scott.l@oneal-hill.com
576,Laura,Gallegos,976-879-8045x031,druggallegos@burgess.biz
577,Laura,Griffin,001-700-201-4465,griffinl9603@shah.com
578,Laura,Nichols,+1-278-257-6874,nichols.l@garcia-ross.biz
579,Laura,Owens,753-596-3400,lauraowens6281@baker.org
580,Laura,Pham,001-510-573-0191x016,l.pham@beck-lopez.com
581,Laura,Smith,+1-873-661-0959,smithboy@brennan.com
582,Lauren,Allen,+1-926-268-2510,allen.lauren@moore.net
583,Lauren,Graves,+1-829-496-8905x046,graveslauren@morris-palmer.info
584,Lauren,Jenkins,(504)548-7251x292,jenkins_l_5589@clark.com
585,Lauren,Jones,785-820-6323,jones.security.7283@gibson.com
586,Lauren,Reese,977.877.5272x11382,late_reese_4081@montoya-chavez.org
587,Laurie,Gilbert,661.688.5274,gilbertchair7818@smith.net
588,Lawrence,Fisher,363.217.1083,fisher.l@daniels-gibson.biz
589,Leah,Middleton,(928)705-9665,middleton.l@harris-turner.biz
590,Linda,Henderson,+1-664-405-4100x443,lhenderson@boyer-krueger.com
591,Linda,Hopkins,+1-408-565-2962,l.hopkins@ferguson-bishop.com
592,Linda,Smith,544-873-7641,lsmith@powers-anderson.info
593,Lindsay,Arnold,787.218.2936x8120,arnold_lindsay@flynn.org
594,Lindsay,Atkinson,(525)663-6469x49667,atkinson.question.3937@norman.com
595,Lindsay,Thomas,(292)608-8258x256,lindsay.thomas.7188@robinson.com
596,Lindsey,Hart,691-510-5306,lindsey.hart@mcdonald.org
597,Lindsey,Pearson,879.762.0302x1987,pearson.lindsey@aguilar-jackson.com
598,Lindsey,Robinson,+1-257-704-0889x8140,robinsonl@allen.com
599,Lisa,Dougherty,001-912-575-9473x22878,doughertyl1804@padilla.com
600,Lisa,Green,824.369.8619x69245,green.tell.8160@jimenez-johnson.com
601,Lisa,Hunt,356.971.1099,hunt.l.1425@owens-jackson.org
602,Lisa,Jackson,(803)599-1914,jackson.wear.5304@taylor-hughes.com
603,Lisa,Phillips,(393)735-2014,phillips.movement.7028@henry.com
604,Lisa,Riddle,001-932-725-9686,riddlel1336@hamilton-cole.net
605,Lisa,Stephens,570.830.6363x124,stephens_l@harris.com
606,Lisa,Thompson,+1-754-503-6264x932,lisa.strong.8519@hudson.com
607,Lori,Cruz,687-767-2741x7653,cruzorganization3315@mclaughlin.com
608,Lori,Nunez,448-540-0541,l.nunez@mcclure.com
609,Lori,Thompson,874-741-4144x391,thompsontrip@graves.com
610,Lori,Turner,(578)816-9892x272,turnerl@marshall.com
611,Lori,Young,834.716.3734,lori.young.2053@bridges.com
612,Luis,Flores,+1-944-208-1311x6793,luis.night@cooper.biz
613,Mackenzie,Mejia,648.613.3520x7514,mejiam3273@brooks.com
614,Madison,Molina,001-720-925-2576x938,madison.above.8014@archer.com
615,Mallory,Mitchell,335-735-8539x4710,mitchell.mallory.7004@powell-english.com
616,Margaret,Paul,794.678.8124x7449,margaretpaul7922@cook.com
617,Margaret,Smith,+1-962-362-2718,smith.m@parker.com
618,Maria,Campbell,605.594.6169x82827,maria.campbell@fernandez.com
619,Maria,Cole,+1-277-756-2335x3629,mcole@wright.org
620,Maria,Huffman,7502733630,huffman.maria.3309@rubio-bailey.info
621,Maria,Perez,(710)958-1458x944,mariaperez@allen.com
622,Mariah,Hernandez,+1-588-692-2664x320,hernandezmariah@brooks-gould.biz
623,Marissa,Gray,001-462-555-7668x9849,m_gray_7022@williams.org
624,Mark,Buchanan,+1-209-984-3834x55401,buchanan_listen_8845@mooney-brown.com
625,Mark,Carlson,+1-440-667-5569x1184,m.carlson@johnson.com
626,Mark,Dunn,(602)700-3989,dunnwhy2789@fischer.org
627,Mark,Franklin,(758)736-8281,franklinm9156@adams-ortiz.com
628,Mark,Howard,(404)380-1223,mhoward2503@barr.com
629,Mark,Jones,363.266.9680,jones_mark_7616@perkins-reed.com
630,Mark,Mejia,3673719094,mejiamark3964@dorsey.com
631,Mark,Thompson,529-839-1559x9494,markthompson9289@long.com
632,Mark,Turner,(640)604-9066,markturner4518@garcia.com
633,Mark,Williams,(589)855-5294,home.williams@reed-sanchez.com
634,Martin,Brandt,001-788-418-9445x50224,brandtm@mckay.com
635,Martin,West,395-860-5138,westmartin@taylor-franklin.net
636,Martin,Wheeler,203-494-6976,wheelermartin580@velazquez.com
637,Marvin,Thompson,8096492467,thompsonblue9279@serrano.com
638,Mary,Bradley,760-755-5494x04737,bradleym@perez-williams.com
639,Mary,Dunn,600-233-7648x013,dunn.mary.1731@perry.com
640,Mary,Graham,001-793-507-6403x900,mary.graham@hurst.com
641,Mary,Le,775.227.7717,lem@williams-cummings.com
642,Mary,Mcmillan,+1-560-993-8538x5225,mcmillansure@werner.info
643,Mary,Ramirez,893-575-5590,ramirez.mary@diaz.info
644,Mary,Rojas,+1-931-699-7720,rojasplay5045@baker.com
645,Mary,Wilson,307.853.9158,wilsonm8454@bender.net
646,Mason,Bass,812.756.6659x826,bass.m.2041@cortez.com
647,Mason,Daniels,(662)878-6867,danielsm3990@davis.com
648,Matthew,Graham,(248)995-1268,grahamm447@hines.com
649,Matthew,Hall,787.684.7021,hallmatthew7206@jacobs-white.net
650,Matthew,Orozco,+1-259-213-7449x4333,orozcomatthew@carr.com
651,Matthew,Roberts,+1-675-254-5788x35011,m.roberts.6993@oneill.com
652,Matthew,Schneider,262.749.2482x447,schneider.matthew@hernandez-williams.biz
653,Matthew,Spears,924-448-3124x08423,spears.matthew@white-marshall.net
654,Matthew,Thompson,+1-242-976-7163x8123,matthewthompson2020@bernard.com
655,Matthew,Vasquez,001-277-865-0420x380,matthew.vasquez.7635@lewis.com
656,Mckenzie,Ellison,891.719.9356x368,ellison.these@warner.com
657,Megan,Cunningham,001-945-739-8982x13726,cunningham_impact_5825@banks.com
658,Megan,Lewis,751-851-2064,single.lewis@hayes.com
659,Megan,Powell,707.285.1167x7011,powell.megan@evans.com
660,Megan,Smith,(252)954-8621x35653,megan.smith.2099@williams-pena.com
661,Megan,Snyder,+1-892-393-8268x219,m.snyder@lee.com
662,Meghan,Dixon,625-389-3313,dixonmeghan1600@moon.com
663,Meghan,Ellis,(776)946-4250,m.ellis.4491@wheeler-schmidt.biz
664,Melanie,Hendricks,561-473-1778x4424,hendricksteach503@pineda-grant.info
665,Melanie,Murphy,+1-207-848-8475x69824,melaniemurphy4036@spencer.com
666,Melinda,Crawford,001-822-506-3516x9246,crawford.melinda@smith.com
667,Melinda,Trujillo,001-716-882-5984x4196,trujillo.m@thomas.biz
668,Melissa,Bishop,5113437616,bishopm9390@sanchez.com
669,Melissa,Boyd,893-585-6573x453,boydmelissa1177@lopez.com
670,Melissa,Eaton,001-733-743-7510,melissaeaton@martinez-flores.info
671,Melissa,Garza,001-404-402-9728x78576,leavegarza@patterson.com
672,Melissa,Gregory,(563)818-4750x6602,gregorym2806@thompson.biz
673,Melissa,Harris,001-904-908-2140x8419,harris.melissa@johnston-smith.info
674,Melissa,Holland,2806175102,holland_melissa@todd.net
675,Melissa,Larson,(531)817-7410x029,melissalarson7729@taylor.com
676,Melissa,Mcdaniel,679-453-5066,melissa.group@taylor.biz
677,Melissa,Smith,001-638-231-7128x99395,smithmelissa@miller.com
678,Melissa,Thompson,+1-504-380-8552x27062,mthompson8773@brown.biz
679,Mia,Wade,001-563-529-9167x732,wadem4383@flores.info
680,Michael,Burns,001-602-874-6624,exactlyburns3216@hayes-wright.com
681,Michael,Davis,400-313-6073x3811,davismichael@robinson.com
682,Michael,Ewing,404.623.6563,decisionewing2816@russell.info
683,Michael,Hernandez,001-472-698-6190x962,m.hernandez@boone.com
684,Michael,Hoffman,234-950-7512x9006,hoffmantreat@white-jones.com
685,Michael,Johnson,(742)465-7106x1754,johnson.michael.5277@henry-bell.com
686,Michael,Lee,6683052637,lee.m@williams.info
687,Michael,Mcconnell,258-891-9176,michaelmcconnell@dougherty.com
688,Michael,Mcdaniel,471.998.6287x184,mcdanielm9011@walters.com
689,Michael,Meyers,363.705.5238x28152,meyersmichael1829@davis.com
690,Michael,Moreno,585.462.8964,morenomichael@cox-allen.com
691,Michael,Morgan,531.752.3074,m.morgan@burns.com
692,Michael,Reed,+1-959-872-4997x54557,reedmichael@gomez.com
693,Michael,Reid,954-391-5797,reidtype@moreno.com
694,Michael,Sanchez,+1-247-330-3585,m.sanchez@williams.com
695,Michael,Stanley,(525)532-6468x4618,success.stanley@bailey.com
696,Michael,Torres,001-772-485-0471,michael.torres.9257@oneal-douglas.biz
697,Michael,Williams,(840)517-3219,him.williams.3213@carter.com
698,Michael,Williamson,+1-387-452-3600x688,williamson_m_2054@cooper-grant.info
699,Michael,Woods,+1-717-847-3454x9301,woods.michael.3983@kennedy.com
700,Michele,Johnson,303-544-4504,johnson_teach@medina.com
701,Michele,Mcdonald,435-931-4939x95137,mcdonaldm317@hess-jackson.com
702,Michelle,Cervantes,(769)568-5844x7004,cervantesm5294@taylor-spencer.biz
703,Michelle,Dunn,001-217-289-7328,dunnm263@pacheco.net
704,Michelle,Erickson,+1-374-637-5816x4472,ericksonmichelle@harris.com
705,Michelle,Miranda,526-798-5604,miranda_michelle@miller.com
706,Michelle,Robinson,001-265-524-9687x566,robinsonmichelle@henderson.biz
707,Michelle,Rodriguez,3112588387,rodriguezm@khan.org
708,Michelle,Smith,(822)251-2751x51533,smith.m.5154@patrick.org
709,Michelle,Vang,(964)344-9508,vang.michelle.5054@turner-smith.com
710,Miguel,Dean,+1-743-251-5369x815,deanm3612@lee.com
711,Mike,Meyer,701-619-9513x487,meyermike1584@smith.biz
712,Misty,Jefferson,+1-761-314-2534,jeffersonm@frey.net
713,Mitchell,Clark,(880)844-0608,clark.m@neal.org
714,Mitchell,Vincent,+1-335-783-3219x7125,vincent_m@sullivan.com
715,Monica,Estrada,(664)504-6707,estrada_m@smith.com
716,Monica,Gutierrez,294.805.9100x339,gutierrezm3195@morris.org
717,Monica,Kelly,932-621-1101x694,program.kelly@pollard.com
718,Morgan,Patel,(427)255-0397,morganpatel@rodriguez-gutierrez.com
719,Nancy,Small,001-793-766-4007x3606,parentn3287@garcia-foster.org
720,Natalie,Wagner,3916995040,buy.wagner.7818@rice-allen.org
721,Natasha,Rojas,642-739-0438,rojasoffer@reeves.com
722,Nathan,Baker,827-788-8123x012,bakernathan@benson.com
723,Nathan,Camacho,001-274-275-1688x481,nathancamacho@brown.com
724,Nathaniel,Gibson,(472)706-3223,nauthor1586@richardson.com
725,Nicholas,Anthony,+1-342-298-1066x67754,anthony_democratic_9005@esparza-williams.biz
726,Nicholas,Carter,+1-550-864-1927,cartern@smith.com
727,Nicholas,Cook,+1-541-312-3648x63024,cooknicholas6748@bell.biz
728,Nicholas,Ferguson,3084428470,nicholasferguson6451@underwood.biz
729,Nicholas,Johnson,001-966-295-3179x98800,nicholas.rise@moore.com
730,Nicholas,Mckenzie,001-481-228-6914,mckenzienicholas3316@fowler.org
731,Nicholas,Reese,001-814-704-7203,thosenicholas@wells-duarte.org
732,Nicholas,Williams,393.560.7337x2039,nicholas.williams.6317@strong.biz
733,Nichole,Sullivan,(813)415-5460,sullivann8178@schmidt-robinson.info
734,Nicole,Barnes,676-547-4046x4537,barnesroad@english.info
735,Nicole,Cohen,+1-742-690-5827x6425,cohen_n@sullivan.net
736,Nicole,Hernandez,402.788.4214,record.hernandez@reid-taylor.biz
737,Nicole,Martin,+1-996-955-4618x8480,martin.n@lucas.com
738,Nicole,Martin,+1-576-562-0959x55218,martin.around.2882@wells-hamilton.info
739,Nicole,Miller,001-905-939-1319,nicolemiller@oliver-hogan.com
740,Nicole,Strickland,280.726.5511x5580,strickland.nicole@allen-henderson.biz
741,Nina,Mullen,001-595-635-1880x1626,mullennina3963@fox.info
742,Noah,Davila,(292)516-0756x4804,davilan@murphy.net
743,Norma,Lopez,001-935-686-5976x1888,lopez.norma.2726@garcia.info
744,Olivia,Salazar,(343)349-7832,salazarolivia@fox.com
745,Paige,Moreno,(573)723-1800x717,morenopaige@rivera.com
746,Paige,Roman,+1-983-293-0117x55471,proman7160@robinson.com
747,Pamela,Buckley,2552289876,pamelabuckley9269@tapia.biz
748,Pamela,Campbell,(379)279-3345,campbell.p@mays-clark.com
749,Pamela,Pratt,+1-899-776-5937x777,prattpamela@webb-rodriguez.info
750,Patricia,Arias,9636683715,patriciaarias@woodward.com
751,Patricia,Cohen,362.402.7623x40639,cohen.p@alvarado-lucas.org
752,Patricia,Gould,+1-694-749-5807x94968,newspapergould@walsh.biz
753,Patrick,Anderson,947-812-9604x27025,andersonboard7205@delgado-hodge.org
754,Patrick,Espinoza,3533882109,pespinoza@alvarado.com
755,Patrick,Martinez,6879871465,martinez.patrick.1501@chapman.biz
756,Patrick,Scott,681.787.1350x7069,scottp4780@smith-carrillo.org
757,Patrick,Spencer,407.863.3652x665,spencersupport@rogers-harris.biz
758,Paul,Conrad,(378)769-0427x0872,conradpaul2965@davis-lewis.net
759,Paul,Hanson,969.885.3342x0533,paul_hanson@moss-little.org
760,Paul,Livingston,762.942.2535x642,plivingston@sanchez-thompson.biz
761,Paul,Vasquez,(520)767-2543x5513,paul_vasquez@brown-middleton.biz
762,Paula,Daugherty,819.412.4378x441,pdaugherty1626@evans-chen.net
763,Paula,Garrett,(570)882-9758x645,garrettpaula@fuller.net
764,Peggy,Padilla,427-752-0191,p.himself.7416@martin-flowers.com
765,Peter,Andrews,396.538.3105,pandrews6748@poole-blanchard.com
766,Peter,Banks,(557)589-0410,peterbanks7236@brown.org
767,Peter,Cruz,533.494.2724x587,cruz.peter@chase-moreno.com
768,Peter,Roberts,9238354425,roberts.peter@warren-sandoval.com
769,Philip,Craig,945.272.1681,philip.craig@weaver-morris.org
770,Philip,Curtis,(231)397-3963,agent.philip@banks.com
771,Philip,Gates,247.214.9743x760,gatesphilip276@foley.com
772,Philip,Herrera,(942)657-5613x3684,philipherrera@ramirez.net
773,Philip,Travis,417-540-4452x123,philip_travis_5627@wilson-jefferson.net
774,Phillip,Johnson,001-691-918-3172x01673,johnsonphillip1215@roberts-hayes.com
775,Rachel,Mcbride,622.690.3882x14945,wrong.mcbride.4861@fletcher.com
776,Rachel,Morton,(575)733-9673,r.morton.1758@martinez-barber.com
777,Rachel,Perry,469-824-4454,r_perry@johnson.com
778,Randall,Rose,658.452.2248,rose.randall.6370@warren.com
779,Randall,Watson,3478635175,watson.hospital@scott-mcdonald.info
780,Randy,Gonzales,+1-820-208-6826x1751,gonzalesr@peterson-guzman.com
781,Raymond,Reyes,(787)628-8858,raymond.reyes.1820@myers.info
782,Raymond,Valenzuela,724.425.6664x39276,r.valenzuela@brooks.com
783,Rebecca,Brown,665-955-0156x926,rbrown850@lewis.info
784,Rebecca,Ellis,579-503-6882,r.ellis.852@randolph-burch.com
785,Rebecca,Garrett,+1-580-333-4082x76569,garrettr@perez.com
786,Rebecca,Hall,5805574114,hall.rebecca.4401@webb.com
787,Rebecca,Morgan,+1-489-283-4446x3978,morganr@hardy-patterson.biz
788,Rebecca,Murphy,294-777-7566,murphyr2944@sanchez.com
789,Rebecca,Terrell,287-726-0210,r_terrell@collins.org
790,Rebecca,Walker,633-914-1695x28467,walker.r@anderson.net
791,Rebekah,Baker,884-213-1272,rebekah.baker.3715@white.net
792,Regina,Murray,892.917.7824,regina.murray.414@cook-harris.net
793,Regina,Schultz,+1-510-322-0750x3348,regina.service@davis.biz
794,Reginald,Morton,+1-963-375-7945x51345,mortonmusic3981@jordan.com
795,Renee,Stewart,(742)201-8766x74479,stewartr@hogan.com
796,Ricardo,Martinez,001-429-750-4720x3179,martinezr@sanchez-wang.com
797,Richard,Barker,818-873-3764,rbarker609@santiago-brewer.com
798,Richard,Bauer,264.967.4340,bauer.price@miller-mahoney.com
799,Richard,Berger,(841)487-2224x55000,bergerrichard127@gamble.com
800,Richard,Garcia,602-824-5336x3777,garciaalways595@nelson-smith.org
801,Richard,Jackson,805-630-4592,jackson.plan.576@wilson.net
802,Richard,Kennedy,+1-551-603-4716,rkennedy@mcneil.info
803,Richard,Lane,241.716.0421x1058,lane.understand@evans.info
804,Richard,Murphy,001-506-286-9298x756,murphy.richard@elliott.info
805,Riley,Mccall,212-629-7840x586,mccallriley@pierce-torres.com
806,Robert,Acosta,7256825193,acostatwo@coffey.org
807,Robert,Alvarez,893.979.2517,alvarezrobert@williams-vega.biz
808,Robert,Blair,604-574-3716,rblair@morrison.com
809,Robert,Cook,+1-562-694-8714x820,cook.season@carter.org
810,Robert,Daniel,(708)294-5658x255,tworobert9375@ayala.biz
811,Robert,Hudson,+1-737-324-7061,hudson.r@carpenter.info
812,Robert,Martinez,+1-589-748-8407x70437,martinezr7694@james.net
813,Robert,Schwartz,616.860.7115,appear.schwartz.5096@miller.info
814,Robert,Taylor,743-370-7870x7946,rtaylor7129@navarro-smith.com
815,Robert,Vargas,4239811285,vargasfollow2362@hunt.com
816,Roberto,Howard,311.284.4575,roberto.howard.1290@davis-reese.info
817,Robin,Higgins,(578)759-1677x09663,higginsr@clark.biz
818,Roger,Cole,(784)335-9397x2202,another.cole@gomez.com
819,Ronald,Blair,583.727.9335,ronald.blair@douglas.com
820,Ronald,Obrien,(659)589-2174x93063,obrienronald8662@wagner-elliott.com
821,Roy,Parker,(546)722-6641x963,roy.run.2447@velez.org
822,Ruben,Sherman,(503)305-3930x431,shermanruben841@david.com
823,Ryan,Blair,936-897-1635x4951,rblair@warren.com
824,Ryan,Bradshaw,999.801.2159x2255,bradshaw.ryan@wood-ferguson.com
825,Ryan,Gutierrez,407.572.0815x593,ryan_gutierrez_1522@parsons.com
826,Ryan,Jackson,+1-384-507-7711x18053,jacksonr2448@hunt-clayton.com
827,Ryan,Morris,(739)584-3050x581,morrisryan6221@harrison.org
828,Sabrina,Johnson,001-979-594-2130x182,johnsons6784@price.com
829,Sally,Johnson,895.568.3775x3451,johnson.s@mora.com
830,Samantha,Bailey,(914)743-1418x60519,sbailey@young.com
831,Samantha,Johnson,(872)369-4965x05273,sage@hutchinson-walker.com
832,Samantha,Murray,534.390.2260x56734,murray.samantha.4079@gonzalez-brown.com
833,Samantha,Young,531.716.0678,youngmind@dillon.info
834,Samuel,Jennings,(391)711-0718x2206,sso9656@hayes.biz
835,Samuel,Moore,836.306.7783x73645,samuel.moore.4394@andrews-archer.com
836,Sandra,Davies,(975)226-6906x2689,davieslast576@holmes-benson.info
837,Sandra,Richardson,239-259-3346x3238,richardson.sandra@hoover.org
838,Sara,Chavez,984-228-9947x3301,sara_any@porter.org
839,Sara,Erickson,+1-944-446-1134,ericksonsara4512@moreno-mcpherson.com
840,Sara,George,2643201011,successful.george@thompson.com
841,Sara,Reynolds,001-469-273-8963x37933,reynoldss@lamb.net
842,Sarah,Brown,579-901-2564,brown.s.3285@knight.com
843,Sarah,Martin,+1-407-269-2450x21953,sellmartin9501@jacobson.com
844,Sarah,Nunez,(569)621-9563x14526,nuneztechnology@wu-silva.com
845,Sarah,Reeves,+1-631-300-1168x186,reevess@reed-moore.com
846,Sarah,Richardson,2056834802,richardsonsmile4695@merritt.com
847,Sarah,Roberts,(925)607-7742,ssituation526@aguilar-brown.info
848,Sarah,Tran,001-428-211-0476,sarahfront5505@thomas-oliver.com
849,Sarah,Weiss,568.261.7851,weiss_live_9799@barker.biz
850,Scott,Caldwell,230-775-0516x0767,consumer.caldwell.4193@hogan.com
851,Scott,Harper,4583749266,areas3327@copeland.net
852,Scott,Williams,+1-785-810-0189,williamsmeeting@hines-arnold.com
853,Sean,Lara,(946)556-5925x222,floors@lucas-moreno.info
854,Sean,Murillo,001-702-425-6209x95837,murillowhich@medina.com
855,Sean,Patel,(539)383-8376x3418,sean_patel_3345@lewis.com
856,Sean,Steele,698.307.8917x62247,seansteele@coleman-schroeder.com
857,Sean,Watkins,507-656-8333,watkinsspring2797@rodriguez.com
858,Seth,Thompson,(473)358-4887,thompsons3341@garcia-barber.com
859,Shane,Gray,(523)218-0023,much.gray@castro.com
860,Shane,Logan,266-794-2072x8441,shane.logan.5273@hughes.com
861,Shannon,Dougherty,(815)573-7847,scustomer4153@lara.com
862,Shannon,Jimenez,8523477742,jimenez.shannon@palmer.com
863,Shannon,Shannon,841-345-7485x90394,policeshannon5532@walsh.com
864,Shannon,Watson,687.737.9424x8503,swatson8146@payne.net
865,Sharon,Bell,736-433-3636,sharon.bell.6010@weiss-johnson.com
866,Sharon,Mcdonald,+1-914-275-8596x1554,mcdonaldstand@chaney.com
867,Shawn,Johnson,(890)773-3485x082,johnsonshawn1924@miller.com
868,Shawn,Turner,+1-801-834-4139x12645,s.turner@sanders.org
869,Sheila,Johnson,303.648.8011x659,stest@skinner.biz
870,Sheila,Mitchell,(682)789-7650,mitchell.sheila@howell-duke.net
871,Shelby,Morgan,+1-456-233-4148x9791,morganshelby@kramer-campbell.net
872,Shelby,Williams,664.584.8160x389,williamstry70@armstrong.com
873,Sheri,Norman,(577)810-1248x6961,norman_sheri@duke.biz
874,Sherry,Gomez,9358855055,gomez_sherry@malone.com
875,Sherry,Ramsey,001-347-672-4253,ramsey.sherry@johnson.com
876,Sherry,Williams,4379701853,operation.williams.1930@garcia.com
877,Stacey,Price,+1-749-880-5835x7251,prices3491@dominguez-green.com
878,Stacy,Cooper,879.686.7495,s_cooper_1803@hall-gibson.com
879,Stacy,Matthews,001-820-529-1880x90385,matthewsstacy@johnston.net
880,Stephanie,Green,+1-887-411-3317x7010,s.green@murphy-clay.com
881,Stephanie,Jacobs,001-765-632-5560x6352,jacobs.stephanie@davis-chaney.com
882,Stephanie,Lopez,(754)590-1023x80323,lopez.above@moore.com
883,Stephanie,Wilson,(767)468-6556,wilsonwar7571@hester.com
884,Stephanie,Yang,+1-269-767-8883x3879,stephanieyang3572@williams.com
885,Stephen,Bender,953-372-4847x28064,benders7551@johnson-morris.org
886,Stephen,Myers,(502)899-3531,smyers@hall-chavez.com
887,Stephen,Norton,572.795.7564x46110,nortonground@griffin.org
888,Steven,Dixon,807-999-9885,steven_dixon@johnson-campbell.info
889,Steven,Gardner,+1-924-610-6694x2625,sgardner@smith.com
890,Steven,Perkins,997-280-8748,perkinss@carter-hayes.com
891,Steven,Sanchez,+1-356-820-2256x25681,sanchez.s@golden.net
892,Steven,Savage,324-563-6834,savage.steven@vance-tucker.info
893,Susan,Best,+1-244-914-7290x35522,best.susan@boone-murphy.com
894,Susan,Glover,001-874-645-1061x557,sglover@ellis.com
895,Susan,Hall,9889898250,hallsusan@powell.com
896,Susan,Lewis,2913618427,s.lewis.5434@parker-reid.biz
897,Susan,Mitchell,972.537.5063x2269,susanmitchell1151@ortiz.com
898,Susan,Rivera,(354)836-7522x4998,s.rivera@hill-cox.info
899,Susan,Wallace,427-265-8900x40667,party.wallace.6840@santiago.biz
900,Sydney,Burns,802-507-4645x18194,burns.s@collier-patterson.org
901,Sylvia,Duncan,349.991.2353x05903,sylvia.duncan.7455@lyons-stewart.biz
902,Tamara,Jones,375.495.3124x931,tamara.jones.9326@george-carter.com
903,Tamara,Russell,(605)786-7203,russell.once@valencia-summers.net
904,Tammie,Olson,326-568-6826x86558,tammieolson@smith-novak.com
905,Tammy,Acosta,(501)796-2548x75278,local.t@montes-mcclain.com
906,Tammy,Allen,379-775-5441,rangetammy5361@simmons-hernandez.com
907,Tammy,Brown,357.475.7538,browntammy8857@bright.biz
908,Tanya,Vasquez,9857434499,vasquezinvestment@moreno.info
909,Tara,Chang,896-629-7162,changtara9551@mathis.org
910,Tara,Ellis,+1-818-462-7474x176,tara.ellis@brown.com
911,Tara,Jackson,344.828.4997x029,jackson.tara.5527@simmons-stephens.info
912,Tara,Strickland,001-633-502-4884x44420,tara.strickland.363@davis.org
913,Taylor,Barker,970.537.6082x931,t.barker@jones-ibarra.net
914,Taylor,Butler,(317)687-9710,resource.taylor.9661@castro.biz
915,Taylor,Carr,550.208.9768,carrtaylor@ibarra.net
916,Taylor,Valdez,586-361-7923x687,valdeztaylor@richardson.com
917,Taylor,Wagner,001-870-430-0002x9776,wagner_t@brown.com
918,Teresa,Ford,001-853-333-1109x52557,fordteresa@myers-rasmussen.org
919,Teresa,Sanchez,001-600-862-0489x3524,sanchez.say@barton-hebert.net
920,Terri,King,901-363-2246,king.t.8589@white.net
921,Thomas,Campbell,001-271-367-9375x56843,campbellthomas1892@peterson.biz
922,Thomas,Collins,(296)971-4042,thomas.collins@ward-mann.net
923,Thomas,Ellis,859-645-6362x6697,ellis.t.2291@benson.net
924,Thomas,Finley,+1-531-706-4930x87310,finley.thomas@reed-hess.com
925,Thomas,Floyd,(560)877-5777,lawt@page-robinson.org
926,Thomas,Gibbs,+1-702-208-6574,thomasgibbs@fields.com
927,Thomas,Nichols,946-716-0017,nichols.thomas.1804@blake.biz
928,Thomas,Smith,9335587658,take.smith@hood-parker.com
929,Thomas,Taylor,(542)228-5741,thomastaylor@stone.com
930,Thomas,White,781-849-4882x80648,whitet2203@page-davis.com
931,Thomas,Wiggins,380-613-5572x875,twiggins@ball.com
932,Tiffany,Bailey,681-685-9660x7166,t_bailey_5237@garcia.org
933,Tiffany,Huerta,(271)592-0960,huertatiffany7702@harris.com
934,Tiffany,Lowe,001-755-263-0037x84650,lowetiffany3935@rodriguez.com
935,Tiffany,Myers,201.442.4543x942,myers.t.6537@ferguson-johnson.net
936,Tim,Cannon,220-815-3173x9574,tcannon7516@hines-jenkins.com
937,Timothy,Collier,+1-494-279-0752x82002,collier.t@fisher.com
938,Timothy,Irwin,329-830-2795x60799,irwin.t.3015@wilson.com
939,Timothy,Powell,(806)913-6676x7547,powellpattern@hunter.com
940,Timothy,Williams,+1-702-380-8420x6767,timothy.williams.1276@lopez-mitchell.com
941,Tina,Lucas,(373)754-3953,tinalucas@becker-lindsey.com
942,Tina,Snow,237-639-1906,tina.drop.1058@sanders.com
943,Todd,Johnson,(736)815-2961x866,johnson_todd@rodriguez-copeland.com
944,Todd,Morales,500-676-0909,moralest@hayden.info
945,Todd,Torres,(928)932-5786,torrestodd@phillips.net
946,Tony,Figueroa,(526)738-9172,figueroa.t@brewer.net
947,Traci,Robertson,(573)391-8828x926,robertsonwill@bradley.com
948,Tracy,Jones,355.268.3813,jones.different@robinson-murphy.biz
949,Travis,Steele,992.320.0404,agree_steele_8996@wood-olson.com
950,Trevor,Garcia,608-690-9267x82906,garcia.t.836@harmon-brown.net
951,Trevor,Jimenez,672.591.0433x05290,jimenez_nation@leach.org
952,Trevor,Johnson,528.758.9264x28503,johnsont@henry.com
953,Tricia,Stephenson,(978)811-8729x522,triciastephenson@vasquez.org
954,Troy,Webb,356.266.1018x43316,t.webb@rocha.com
955,Tyler,Cross,700.672.9253,whycross@henderson.com
956,Valerie,Yu,842.860.6618,yu.v.1805@nicholson.net
957,Vanessa,Gomez,(941)325-4591x5348,v.gomez.7752@burnett-cooke.info
958,Vanessa,Tran,+1-701-953-1106x0369,vtran@bauer.com
959,Victor,Griffith,001-234-380-1800,victorgriffith@contreras.com
960,Victor,Mcguire,(441)754-9185x500,mcguirev@davies.com
961,Victor,Washington,+1-241-924-6737,victor.washington.4230@mcguire-taylor.org
962,Victoria,Bender,+1-217-713-5802x264,victoria_culture_8471@long-smith.com
963,Victoria,Flores,001-418-361-8621,victoriainternational@blanchard.com
964,Victoria,Lawrence,+1-355-548-7805,lawrence.form.5411@martinez.biz
965,Victoria,Swanson,639-295-0237x21817,swansonbuilding3315@gonzales-contreras.com
966,Victoria,White,326-201-4820x40423,vwhite7705@bailey.info
967,Vincent,Davis,(388)713-4554,davisvincent3740@lopez-king.net
968,Walter,Tran,509.895.5322x0674,tranw@cain-williams.com
969,Wanda,Collins,201.368.0759x784,collins.hear.558@scott-hess.biz
970,Wanda,Solomon,(311)767-4924,solomonwanda5962@ross.org
971,Wayne,Sawyer,001-578-541-5204x0786,sawyerwayne@turner.com
972,Wendy,Doyle,(446)281-8395x771,doylesite8038@wiley.net
973,Wendy,Moore,805-420-0775,moore.w.2672@frye.org
974,Wendy,Morris,001-234-716-4618x1004,wendycustomer@holder.com
975,Wesley,Jenkins,(889)804-1463,wesleyaccept6591@ruiz-andrade.net
976,Whitney,Farrell,+1-544-887-2302x685,farrell.w@hall.com
977,William,Allen,8715355129,williamlocal@donovan.com
978,William,Browning,8744798936,browning.william.4666@norris.com
979,William,Cox,495-415-7584x854,william_cox_9575@cowan.com
980,William,Garza,(757)923-1890x3512,garzawilliam@lane.biz
981,William,Gibbs,931.839.2978x484,william.gibbs@chambers-cole.com
982,William,Hart,(836)750-9128x69847,w.hart.3869@ramos.com
983,William,Hawkins,309.430.4258x2713,whawkins@boyd.com
984,William,Jones,984.810.8661x5880,wsport6944@hill-moses.com
985,William,Lopez,365-952-6687x8288,lopez.william@vazquez.biz
986,William,Mccann,001-664-359-2306x9919,mccannw5477@rodriguez-johnson.com
987,William,Mcgrath,001-261-558-3979,mcgrath.w@ford-tran.info
988,William,Parker,(880)502-3063x12546,parkerfinally@todd.com
989,William,Roberts,001-661-650-3046x5479,roberts.william.6151@huffman-sanders.com
990,William,Savage,534.689.6772,savagewilliam@johnson.com
991,William,Smith,357-916-1924x37505,smith.william@burton.com
992,William,Strickland,001-490-970-0890,effortstrickland@smith.com
993,Willie,Crawford,807-362-6825x210,crawfordw@johnson.biz
994,Wyatt,Jackson,267.595.4369x1083,jackson.w.2292@zimmerman.com
995,Zachary,Black,478.788.4932,z.sea.5391@lang.org
996,Zachary,Gray,001-899-992-6721,gray.effort@phillips.com
997,Zachary,Johnson,(898)506-5200,zacharyjohnson@jacobson.net
998,Zachary,Rodriguez,(771)350-0406,rodriguezz@knight.com
